{
    "CFNetwork.framework": 2,
    "CoreFoundation.framework": 2,
    "CoreTelephony.framework": 3,
    "SystemConfiguration.framework": 3,
    "Foundation.framework": 2,
    "UIKit.framework": 2,
    "Security.framework": 3,
    "libz.tbd": 3,
    "AdSupport.framework": 2,
    "libz.dylib": 1,
    "libsqlite3.0.dylib": 1,
    "libstdc++.6.dylib": 1,
    "libiconv.dylib": 1,
    "libsqlite3.dylib": 1,
    "libstdc++.dylib": 1,
    "QuartzCore.framework": 2,
    "AVFoundation.framework": 1,
    "ImageIO.framework": 2,
    "CoreText.framework": 2,
    "libsqlite3.tbd": 2,
    "libiconv.tbd": 1,
    "libstdc++.tbd": 1,
    "AudioToolbox.framework": 1,
    "StoreKit.framework": 1,
    "UserNotifications.framework": 1,
    "Social.framework": 2,
    "MessageUI.framework": 2,
    "libsqlite3.0.tbd": 1,
    "libstdc++.6.tbd": 1
}