{
    "prepare_queue": {
        "installed": [],
        "uninstalled": []
    },
    "config_munge": {
        "files": {
            "config.xml": {
                "parents": {
                    "/*": [
                        {
                            "xml": "<feature name=\"SplashScreen\"><param name=\"ios-package\" value=\"CDVSplashScreen\" /><param name=\"onload\" value=\"true\" /></feature>",
                            "count": 1
                        },
                        {
                            "xml": "<feature name=\"ImagePicker\"><param name=\"ios-package\" value=\"SOSPicker\" /></feature>",
                            "count": 1
                        },
                        {
                            "xml": "<feature name=\"UmengAnalytics\"><param name=\"ios-package\" value=\"UmengAnalytics\" /><param name=\"onload\" value=\"true\" /></feature>",
                            "count": 1
                        },
                        {
                            "xml": "<preference name=\"UmengIOSAppId\" value=\"55a0938067e58e0cb0002c3e\" />",
                            "count": 1
                        },
                        {
                            "xml": "<feature name=\"CropPlugin\"><param name=\"ios-package\" value=\"CTCrop\" /></feature>",
                            "count": 1
                        },
                        {
                            "xml": "<feature name=\"YCQQ\"><param name=\"ios-package\" value=\"YCQQ\" /></feature>",
                            "count": 1
                        },
                        {
                            "xml": "<access origin=\"https://openmobile.qq.com/*\" />",
                            "count": 1
                        },
                        {
                            "xml": "<access origin=\"http://qzonestyle.gtimg.cn/*\" />",
                            "count": 1
                        },
                        {
                            "xml": "<access origin=\"http://pub.idqqimg.com/*\" />",
                            "count": 1
                        },
                        {
                            "xml": "<access origin=\"http://qzs.qq.com/*\" />",
                            "count": 1
                        },
                        {
                            "xml": "<access origin=\"http://m.qzone.com/*\" />",
                            "count": 1
                        },
                        {
                            "xml": "<access origin=\"http://*.ptlogin2.qq.com/*\" />",
                            "count": 1
                        },
                        {
                            "xml": "<access origin=\"http://*.qq.com/*\" />",
                            "count": 1
                        },
                        {
                            "xml": "<access origin=\"http://q2.qlogo.cn/*\" />",
                            "count": 1
                        },
                        {
                            "xml": "<preference name=\"QQ_APP_ID\" value=\"1104758278\" />",
                            "count": 1
                        },
                        {
                            "xml": "<feature name=\"File\"><param name=\"ios-package\" value=\"CDVFile\" /><param name=\"onload\" value=\"true\" /></feature>",
                            "count": 1
                        },
                        {
                            "xml": "<feature name=\"FileTransfer\"><param name=\"ios-package\" value=\"CDVFileTransfer\" /></feature>",
                            "count": 1
                        },
                        {
                            "xml": "<feature name=\"Device\"><param name=\"ios-package\" value=\"CDVDevice\" /></feature>",
                            "count": 1
                        },
                        {
                            "xml": "<feature name=\"Console\"><param name=\"ios-package\" value=\"CDVLogger\" /></feature>",
                            "count": 1
                        },
                        {
                            "xml": "<feature name=\"Notification\"><param name=\"ios-package\" value=\"CDVNotification\" /></feature>",
                            "count": 1
                        },
                        {
                            "xml": "<feature name=\"Globalization\"><param name=\"ios-package\" value=\"CDVGlobalization\" /></feature>",
                            "count": 1
                        },
                        {
                            "xml": "<feature name=\"AppRate\"><param name=\"ios-package\" value=\"CDVAppRate\" /></feature>",
                            "count": 1
                        },
                        {
                            "xml": "<feature name=\"Keyboard\"><param name=\"ios-package\" onload=\"true\" value=\"IonicKeyboard\" /></feature>",
                            "count": 1
                        },
                        {
                            "xml": "<feature name=\"InAppBrowser\"><param name=\"ios-package\" value=\"CDVInAppBrowser\" /></feature>",
                            "count": 1
                        },
                        {
                            "xml": "<feature name=\"JPushPlugin\"><param name=\"ios-package\" value=\"JPushPlugin\" /></feature>",
                            "count": 1
                        },
                        {
                            "xml": "<feature name=\"weibo\"><param name=\"ios-package\" value=\"weibo\" /></feature>",
                            "count": 1
                        },
                        {
                            "xml": "<feature name=\"Wechat\"><param name=\"ios-package\" value=\"CDVWechat\" /><param name=\"onload\" value=\"true\" /></feature>",
                            "count": 1
                        },
                        {
                            "xml": "<preference name=\"WECHATAPPID\" value=\"wx1bdc17e4439c5ffc\" />",
                            "count": 1
                        },
                        {
                            "xml": "<feature name=\"SocialSharing\"><param name=\"ios-package\" value=\"SocialSharing\" /><param name=\"onload\" value=\"true\" /></feature>",
                            "count": 1
                        },
                        {
                            "xml": "<feature name=\"AppConfig\"><param name=\"ios-package\" value=\"AppConfig\" /></feature>",
                            "count": 1
                        },
                        {
                            "xml": "<feature name=\"Xiaomi\"><param name=\"ios-package\" value=\"CDVWechat\" /><param name=\"onload\" value=\"true\" /></feature>",
                            "count": 1
                        },
                        {
                            "xml": "<preference name=\"XIAOMIAPPID\" value=\"2882303761517415143\" />",
                            "count": 1
                        }
                    ]
                }
            },
            "*PushConfig.plist": {
                "parents": {
                    "APP_KEY": [
                        {
                            "xml": "<string>$API_KEY</string>",
                            "count": 1
                        },
                        {
                            "xml": "<string>c31d2ddd5cb355159e6d4b85</string>",
                            "count": 1
                        }
                    ]
                }
            },
            "*-Info.plist": {
                "parents": {
                    "CFBundleURLTypes": [
                        {
                            "xml": "<array><dict><key>CFBundleTypeRole</key><string>Editor</string><key>CFBundleURLName</key><string>wechat</string><key>CFBundleURLSchemes</key><array><string>YOUR_WECHAT_APP_ID</string></array></dict></array>",
                            "count": 1
                        },
                        {
                            "xml": "<array><dict><key>CFBundleTypeRole</key><string>Editor</string><key>CFBundleURLName</key><string>tencentopenapi</string><key>CFBundleURLSchemes</key><array><string>tencent1104758278</string></array></dict></array>",
                            "count": 1
                        },
                        {
                            "xml": "<array><dict><key>CFBundleURLName</key><string>weixin</string><key>CFBundleURLSchemes</key><array><string>wx1bdc17e4439c5ffc</string></array></dict></array>",
                            "count": 1
                        },
                        {
                            "xml": "<array><dict><key>CFBundleURLName</key><string>xiaomi_appid</string><key>CFBundleURLSchemes</key><array><string>2882303761517415143</string></array></dict></array>",
                            "count": 1
                        }
                    ],
                    "LSApplicationQueriesSchemes": [
                        {
                            "xml": "<array><string>mqqapi</string><string>mqq</string><string>mqqOpensdkSSoLogin</string><string>mqqconnect</string><string>mqqopensdkdataline</string><string>mqqopensdkgrouptribeshare</string><string>mqqopensdkfriend</string><string>mqqopensdkapi</string><string>mqqopensdkapiV2</string><string>mqqopensdkapiV3</string><string>mqzoneopensdk</string><string>wtloginmqq</string><string>wtloginmqq2</string><string>mqqwpa</string><string>mqzone</string><string>mqzonev2</string><string>mqzoneshare</string><string>wtloginqzone</string><string>mqzonewx</string><string>mqzoneopensdkapiV2</string><string>mqzoneopensdkapi19</string><string>mqzoneopensdkapi</string><string>mqzoneopensdk</string></array>",
                            "count": 1
                        },
                        {
                            "xml": "<array><string>weixin</string><string>wechat</string></array>",
                            "count": 1
                        }
                    ],
                    "NSAppTransportSecurity": [
                        {
                            "xml": "<dict><key>NSAllowsArbitraryLoads</key><true /></dict>",
                            "count": 1
                        }
                    ]
                }
            }
        }
    },
    "installed_plugins": {
        "cordova-plugin-splashscreen": {
            "PACKAGE_NAME": "com.keepdays.weidaka"
        },
        "cordova-plugin-whitelist": {
            "PACKAGE_NAME": "com.keepdays.weidaka"
        },
        "com.synconset.imagepicker": {
            "PACKAGE_NAME": "com.keepdays.weidaka"
        },
        "com.qiudao.cordova.umeng-analytics": {
            "UMENG_IOS_ID": "123456789012345678901234",
            "UMENG_ANDROID_ID": "123456789012345678900987",
            "PACKAGE_NAME": "com.keepdays.weidaka"
        },
        "cordova-plugin-crop": {
            "PACKAGE_NAME": "com.keepdays.weidaka"
        },
        "cordova-plugin-qqsdk": {
            "QQ_APP_ID": "1104758278",
            "PACKAGE_NAME": "com.keepdays.weidaka"
        },
        "cordova-plugin-compat": {
            "PACKAGE_NAME": "com.keepdays.weidaka"
        },
        "cordova-plugin-file": {
            "PACKAGE_NAME": "com.keepdays.weidaka"
        },
        "cordova-plugin-file-transfer": {
            "PACKAGE_NAME": "com.keepdays.weidaka"
        },
        "cordova-plugin-device": {
            "PACKAGE_NAME": "com.keepdays.weidaka"
        },
        "cordova-plugin-console": {
            "PACKAGE_NAME": "com.keepdays.weidaka"
        },
        "cordova-plugin-dialogs": {
            "PACKAGE_NAME": "com.keepdays.weidaka"
        },
        "cordova-plugin-globalization": {
            "PACKAGE_NAME": "com.keepdays.weidaka"
        },
        "cordova-plugin-apprate": {
            "PACKAGE_NAME": "com.keepdays.weidaka"
        },
        "ionic-plugin-keyboard": {
            "PACKAGE_NAME": "com.keepdays.weidaka"
        },
        "cordova-plugin-inappbrowser": {
            "PACKAGE_NAME": "com.keepdays.weidaka"
        },
        "jpush-phonegap-plugin": {
            "API_KEY": "c31d2ddd5cb355159e6d4b85",
            "PACKAGE_NAME": "com.keepdays.weidaka"
        },
        "cordova-plugin-weibo": {
            "PACKAGE_NAME": "com.keepdays.weidaka"
        },
        "cordova-plugin-wechat": {
            "WECHATAPPID": "wx1bdc17e4439c5ffc",
            "PACKAGE_NAME": "com.keepdays.weidaka"
        },
        "cordova-plugin-x-socialsharing": {
            "PACKAGE_NAME": "com.keepdays.weidaka"
        },
        "cordova-plugin-app-config": {
            "PACKAGE_NAME": "com.keepdays.weidaka"
        },
        "cordova-plugin-xiaomi": {
            "XIAOMIAPPID": "2882303761517415143",
            "PACKAGE_NAME": "com.keepdays.weidaka"
        }
    },
    "dependent_plugins": {},
    "modules": [
        {
            "file": "plugins/cordova-plugin-splashscreen/www/splashscreen.js",
            "id": "cordova-plugin-splashscreen.SplashScreen",
            "pluginId": "cordova-plugin-splashscreen",
            "clobbers": [
                "navigator.splashscreen"
            ]
        },
        {
            "file": "plugins/com.synconset.imagepicker/www/imagepicker.js",
            "id": "com.synconset.imagepicker.ImagePicker",
            "pluginId": "com.synconset.imagepicker",
            "clobbers": [
                "plugins.imagePicker"
            ]
        },
        {
            "file": "plugins/cordova-plugin-crop/www/crop.js",
            "id": "cordova-plugin-crop.CropPlugin",
            "pluginId": "cordova-plugin-crop",
            "clobbers": [
                "plugins.crop"
            ]
        },
        {
            "file": "plugins/cordova-plugin-qqsdk/www/ycqq.js",
            "id": "cordova-plugin-qqsdk.ycqq",
            "pluginId": "cordova-plugin-qqsdk",
            "clobbers": [
                "YCQQ"
            ]
        },
        {
            "file": "plugins/cordova-plugin-file/www/DirectoryEntry.js",
            "id": "cordova-plugin-file.DirectoryEntry",
            "pluginId": "cordova-plugin-file",
            "clobbers": [
                "window.DirectoryEntry"
            ]
        },
        {
            "file": "plugins/cordova-plugin-file/www/DirectoryReader.js",
            "id": "cordova-plugin-file.DirectoryReader",
            "pluginId": "cordova-plugin-file",
            "clobbers": [
                "window.DirectoryReader"
            ]
        },
        {
            "file": "plugins/cordova-plugin-file/www/Entry.js",
            "id": "cordova-plugin-file.Entry",
            "pluginId": "cordova-plugin-file",
            "clobbers": [
                "window.Entry"
            ]
        },
        {
            "file": "plugins/cordova-plugin-file/www/File.js",
            "id": "cordova-plugin-file.File",
            "pluginId": "cordova-plugin-file",
            "clobbers": [
                "window.File"
            ]
        },
        {
            "file": "plugins/cordova-plugin-file/www/FileEntry.js",
            "id": "cordova-plugin-file.FileEntry",
            "pluginId": "cordova-plugin-file",
            "clobbers": [
                "window.FileEntry"
            ]
        },
        {
            "file": "plugins/cordova-plugin-file/www/FileError.js",
            "id": "cordova-plugin-file.FileError",
            "pluginId": "cordova-plugin-file",
            "clobbers": [
                "window.FileError"
            ]
        },
        {
            "file": "plugins/cordova-plugin-file/www/FileReader.js",
            "id": "cordova-plugin-file.FileReader",
            "pluginId": "cordova-plugin-file",
            "clobbers": [
                "window.FileReader"
            ]
        },
        {
            "file": "plugins/cordova-plugin-file/www/FileSystem.js",
            "id": "cordova-plugin-file.FileSystem",
            "pluginId": "cordova-plugin-file",
            "clobbers": [
                "window.FileSystem"
            ]
        },
        {
            "file": "plugins/cordova-plugin-file/www/FileUploadOptions.js",
            "id": "cordova-plugin-file.FileUploadOptions",
            "pluginId": "cordova-plugin-file",
            "clobbers": [
                "window.FileUploadOptions"
            ]
        },
        {
            "file": "plugins/cordova-plugin-file/www/FileUploadResult.js",
            "id": "cordova-plugin-file.FileUploadResult",
            "pluginId": "cordova-plugin-file",
            "clobbers": [
                "window.FileUploadResult"
            ]
        },
        {
            "file": "plugins/cordova-plugin-file/www/FileWriter.js",
            "id": "cordova-plugin-file.FileWriter",
            "pluginId": "cordova-plugin-file",
            "clobbers": [
                "window.FileWriter"
            ]
        },
        {
            "file": "plugins/cordova-plugin-file/www/Flags.js",
            "id": "cordova-plugin-file.Flags",
            "pluginId": "cordova-plugin-file",
            "clobbers": [
                "window.Flags"
            ]
        },
        {
            "file": "plugins/cordova-plugin-file/www/LocalFileSystem.js",
            "id": "cordova-plugin-file.LocalFileSystem",
            "pluginId": "cordova-plugin-file",
            "clobbers": [
                "window.LocalFileSystem"
            ],
            "merges": [
                "window"
            ]
        },
        {
            "file": "plugins/cordova-plugin-file/www/Metadata.js",
            "id": "cordova-plugin-file.Metadata",
            "pluginId": "cordova-plugin-file",
            "clobbers": [
                "window.Metadata"
            ]
        },
        {
            "file": "plugins/cordova-plugin-file/www/ProgressEvent.js",
            "id": "cordova-plugin-file.ProgressEvent",
            "pluginId": "cordova-plugin-file",
            "clobbers": [
                "window.ProgressEvent"
            ]
        },
        {
            "file": "plugins/cordova-plugin-file/www/fileSystems.js",
            "id": "cordova-plugin-file.fileSystems",
            "pluginId": "cordova-plugin-file"
        },
        {
            "file": "plugins/cordova-plugin-file/www/requestFileSystem.js",
            "id": "cordova-plugin-file.requestFileSystem",
            "pluginId": "cordova-plugin-file",
            "clobbers": [
                "window.requestFileSystem"
            ]
        },
        {
            "file": "plugins/cordova-plugin-file/www/resolveLocalFileSystemURI.js",
            "id": "cordova-plugin-file.resolveLocalFileSystemURI",
            "pluginId": "cordova-plugin-file",
            "merges": [
                "window"
            ]
        },
        {
            "file": "plugins/cordova-plugin-file/www/browser/isChrome.js",
            "id": "cordova-plugin-file.isChrome",
            "pluginId": "cordova-plugin-file",
            "runs": true
        },
        {
            "file": "plugins/cordova-plugin-file/www/ios/FileSystem.js",
            "id": "cordova-plugin-file.iosFileSystem",
            "pluginId": "cordova-plugin-file",
            "merges": [
                "FileSystem"
            ]
        },
        {
            "file": "plugins/cordova-plugin-file/www/fileSystems-roots.js",
            "id": "cordova-plugin-file.fileSystems-roots",
            "pluginId": "cordova-plugin-file",
            "runs": true
        },
        {
            "file": "plugins/cordova-plugin-file/www/fileSystemPaths.js",
            "id": "cordova-plugin-file.fileSystemPaths",
            "pluginId": "cordova-plugin-file",
            "merges": [
                "cordova"
            ],
            "runs": true
        },
        {
            "file": "plugins/cordova-plugin-file-transfer/www/FileTransferError.js",
            "id": "cordova-plugin-file-transfer.FileTransferError",
            "pluginId": "cordova-plugin-file-transfer",
            "clobbers": [
                "window.FileTransferError"
            ]
        },
        {
            "file": "plugins/cordova-plugin-file-transfer/www/FileTransfer.js",
            "id": "cordova-plugin-file-transfer.FileTransfer",
            "pluginId": "cordova-plugin-file-transfer",
            "clobbers": [
                "window.FileTransfer"
            ]
        },
        {
            "file": "plugins/cordova-plugin-device/www/device.js",
            "id": "cordova-plugin-device.device",
            "pluginId": "cordova-plugin-device",
            "clobbers": [
                "device"
            ]
        },
        {
            "file": "plugins/cordova-plugin-console/www/console-via-logger.js",
            "id": "cordova-plugin-console.console",
            "pluginId": "cordova-plugin-console",
            "clobbers": [
                "console"
            ]
        },
        {
            "file": "plugins/cordova-plugin-console/www/logger.js",
            "id": "cordova-plugin-console.logger",
            "pluginId": "cordova-plugin-console",
            "clobbers": [
                "cordova.logger"
            ]
        },
        {
            "file": "plugins/cordova-plugin-dialogs/www/notification.js",
            "id": "cordova-plugin-dialogs.notification",
            "pluginId": "cordova-plugin-dialogs",
            "merges": [
                "navigator.notification"
            ]
        },
        {
            "file": "plugins/cordova-plugin-globalization/www/GlobalizationError.js",
            "id": "cordova-plugin-globalization.GlobalizationError",
            "pluginId": "cordova-plugin-globalization",
            "clobbers": [
                "window.GlobalizationError"
            ]
        },
        {
            "file": "plugins/cordova-plugin-globalization/www/globalization.js",
            "id": "cordova-plugin-globalization.globalization",
            "pluginId": "cordova-plugin-globalization",
            "clobbers": [
                "navigator.globalization"
            ]
        },
        {
            "file": "plugins/cordova-plugin-apprate/www/AppRate.js",
            "id": "cordova-plugin-apprate.AppRate",
            "pluginId": "cordova-plugin-apprate",
            "clobbers": [
                "AppRate"
            ]
        },
        {
            "file": "plugins/cordova-plugin-apprate/www/locales.js",
            "id": "cordova-plugin-apprate.locales",
            "pluginId": "cordova-plugin-apprate",
            "runs": true
        },
        {
            "file": "plugins/ionic-plugin-keyboard/www/ios/keyboard.js",
            "id": "ionic-plugin-keyboard.keyboard",
            "pluginId": "ionic-plugin-keyboard",
            "clobbers": [
                "cordova.plugins.Keyboard"
            ],
            "runs": true
        },
        {
            "file": "plugins/cordova-plugin-inappbrowser/www/inappbrowser.js",
            "id": "cordova-plugin-inappbrowser.inappbrowser",
            "pluginId": "cordova-plugin-inappbrowser",
            "clobbers": [
                "cordova.InAppBrowser.open",
                "window.open"
            ]
        },
        {
            "file": "plugins/jpush-phonegap-plugin/www/JPushPlugin.js",
            "id": "jpush-phonegap-plugin.JPushPlugin",
            "pluginId": "jpush-phonegap-plugin",
            "clobbers": [
                "JPush"
            ]
        },
        {
            "file": "plugins/cordova-plugin-weibo/www/weibo.js",
            "id": "cordova-plugin-weibo.weibo",
            "pluginId": "cordova-plugin-weibo",
            "clobbers": [
                "window.weibo"
            ]
        },
        {
            "file": "plugins/cordova-plugin-wechat/www/wechat.js",
            "id": "cordova-plugin-wechat.Wechat",
            "pluginId": "cordova-plugin-wechat",
            "clobbers": [
                "Wechat"
            ]
        },
        {
            "file": "plugins/cordova-plugin-x-socialsharing/www/SocialSharing.js",
            "id": "cordova-plugin-x-socialsharing.SocialSharing",
            "pluginId": "cordova-plugin-x-socialsharing",
            "clobbers": [
                "window.plugins.socialsharing"
            ]
        },
        {
            "file": "plugins/cordova-plugin-app-config/www/AppConfig.js",
            "id": "cordova-plugin-app-config.AppConfig",
            "pluginId": "cordova-plugin-app-config",
            "clobbers": [
                "cordova.plugins.AppConfig"
            ]
        },
        {
            "file": "plugins/cordova-plugin-xiaomi/www/xiaomi.js",
            "id": "cordova-plugin-xiaomi.Xiaomi",
            "pluginId": "cordova-plugin-xiaomi",
            "clobbers": [
                "Xiaomi"
            ]
        }
    ],
    "plugin_metadata": {
        "cordova-plugin-splashscreen": "2.1.0",
        "cordova-plugin-whitelist": "1.0.0",
        "com.synconset.imagepicker": "1.0.6",
        "com.qiudao.cordova.umeng-analytics": "0.1.0",
        "cordova-plugin-crop": "0.1.0",
        "cordova-plugin-qqsdk": "0.4.0",
        "cordova-plugin-compat": "1.0.0",
        "cordova-plugin-file": "4.2.0",
        "cordova-plugin-file-transfer": "1.5.1",
        "cordova-plugin-device": "1.1.2",
        "cordova-plugin-console": "1.0.3",
        "cordova-plugin-dialogs": "1.3.0",
        "cordova-plugin-globalization": "1.0.4",
        "cordova-plugin-apprate": "1.3.0",
        "ionic-plugin-keyboard": "2.2.1",
        "cordova-plugin-inappbrowser": "1.5.0",
        "jpush-phonegap-plugin": "2.2.5",
        "cordova-plugin-weibo": "1.6.0",
        "cordova-plugin-wechat": "1.3.0",
        "cordova-plugin-x-socialsharing": "5.1.3",
        "cordova-plugin-app-config": "0.0.3",
        "cordova-plugin-xiaomi": "1.3.0"
    }
}